Brand,Model,Screen Size,Battery Capacity,Price (EGP),Sale Price (EGP)
Samsung,Galaxy A36 5G Dual SIM Awesome Black 8GB RAM 256GB - Middle East Version,6.7 in,5000 mAh,27999.0,22268.6
Samsung,Galaxy A07 Dual SIM Green 4GB 64GB 4G - Middle East Version,6.7 in,5000 mAh,9799.0,8899.0
Infinix,Smart 20 Dual SIM Polaris Titanium 4+4GB RAM 128GB - Middle East Version,6.78 cm,5200 mAh,9888.0,8800.0
realme,C100i Dual SIM 4GB RAM 128GB Dawn Purple 4G -Middle East Version,6.8 in,7000 mAh,10499.0,9159.0
Samsung,Galaxy A17 Dual SIM 4G Black 8GB RAM 256GB - Middle East Version,6.7 in,5000 mAh,18888.0,17025.0
realme,C100i Dual SIM 4GB RAM 128GB Dusk Gray 4G-Middle East Version,6.8 in,7000 mAh,10499.0,9195.0
Samsung,Galaxy A17 Dual SIM 4G Black 6GB RAM 128GB - Middle East Version,6.7 in,5000 mAh,14749.0,13899.0
Samsung,Galaxy A07 Dual SIM Black 4GB 64GB 4G - Middle East Version,6.7 in,5000 mAh,9799.0,8899.0
Infinix,Smart 20 Dual SIM Shadow Black 4+4GB RAM 128GB - Middle East Version,6.78 cm,5200 mAh,9888.0,8842.0
ITEL,A200+ Dual SIM Nightly Blue 3GB RAM 64GB - Middle East Version,6.75 in,6000 mAh,6666.0,5999.0
Samsung,Galaxy A17 Dual SIM 4G Light Blue  8GB RAM 256GB  - Middle East Version,6.7 in,5000 mAh,18888.0,17025.0
ITEL,A200+ Dual SIM Comet Orange 3GB RAM 64GB - Middle East Version,6.75 in,6000 mAh,6666.0,6099.0
realme,C100i Dual SIM 4GB RAM 64GB Dusk Gray 4G-Middle East Version,6.8 in,7000 mAh,9499.0,8200.0
realme,C100i Dual SIM 4GB RAM 64GB Dawn Purple 4G-Middle East Version,6.8 in,7000 mAh,9499.0,8250.0
realme,C71 Dual SIM  Forest Owl 4GB RAM 128GB 4G - Middle East Version,6.67 in,6000 mAh,10988.0,
Samsung,Galaxy A07 Dual SIM Black 4GB 128GB 4G - Middle East Version,6.7 in,5000 mAh,12199.0,9885.0
Infinix,Hot 60 Pro Dual SIM Sleek Black 8+8GB RAM 256GB 4G - Middle East Version,6.78 in,5160 mAh,19799.0,15534.0
Samsung,Galaxy A07 Dual SIM Black 6GB Ram 128GB 4G - Middle East Version,6.7 in,5000 mAh,14099.0,11185.15
OPPO,A6x Dual SIM 4G Plum Purple 4GB RAM 128GB - Middle East Version,6.75 in,6100 mAh,10490.0,
ITEL,A200 Plus Dual SIM Nightly Blue 3GB RAM 128GB 4G -Middle East Version,6.75 in,6000 mAh,7070.0,6550.0
ITEL,A200+ Dual SIM METEOR Titanium 3GB RAM 64GB - Middle East Version,6.75 in,6000 mAh,6666.0,6099.0
Samsung,Galaxy A17 Dual SIM 4G Black 4GB RAM 128GB - Middle East Version,6.7 in,5000 mAh,13799.0,11666.0
Infinix,Hot 60 Dual SIM Caramel Glow 6+6GB RAM 128GB 5G - Middle East Version,6.7 in,5200 mAh,11199.0,9925.0
Samsung,Galaxy A17 Dual SIM Blue 8GB 256GB 5G - Middle East Version,6.7 in,5000 mAh,20999.0,18800.0
Infinix,Smart 20 Dual SIM Shadow Black 4+4GB RAM 64GB - Middle East Version,6.78 cm,5200 mAh,8499.0,7625.1
ITEL,A200 Plus Dual SIM Comet Orange 3GB RAM 128GB 4G -Middle East Version,6.75 in,6000 mAh,7070.0,6399.0
Samsung,Galaxy A17 Dual SIM 4G Gray 6GB RAM 128GB - Middle East Version,6.7 in,5000 mAh,14749.0,13499.0
Samsung,Galaxy A17 Dual SIM 4G Gray 8GB RAM 256GB - Middle East Version,6.7 in,5000 mAh,18888.0,16830.0
OPPO,A6 Dual SIM Sapphire Blue 8GB RAM 256GB 4G - Middle East Version,6.75 in,7000 mAh,16724.0,
Samsung,Galaxy A36 5G Dual SIM Awesome White 8GB RAM 256GB - Middle East Version,6.7 in,5000 mAh,27999.0,21800.0
,Nokia mobile 105 4G dual SIM black,1.8 in,1050 mAh,539.46,506.95
Infinix,Hot 60 Dual SIM Tundra Green 6+6GB RAM 128GB 5G - Middle East Version,6.7 in,5200 mAh,11199.0,9925.0
Samsung,Galaxy A16 4G Dual SIM Gray 4GB RAM 128GB - Middle East Version,6.7 in,5000 mAh,10997.65,
OPPO,Reno 15F Dual Sim Aurora blue 12GB RAM 256GB 5G- Middle East Version,6.57 in,7000 mAh,27888.0,
Xiaomi,Redmi A7 Pro  Dual SIM Black 4GB RAM 64GB 4G - Middle East Version,6.9 in,6000 mAh,8269.65,
OPPO,Reno 15F Dual Sim Twilight blue 12GB RAM 256GB 5G- Middle East Version,6.57 in,7000 mAh,27888.0,
Honor,X6c Dual SIM 4G Moonlight White 6GB RAM 256GB - Middle East Version,6.61 in,5300 mAh,12830.0,
Samsung,Galaxy A07 Dual SIM Light Violet 4GB 64GB 4G - Middle East Version,6.7 in,5000 mAh,9799.0,8899.0
ITEL,A200+ Dual SIM Aura White 3GB RAM 64GB - Middle East Version,6.75 in,6000 mAh,6666.0,6099.0
realme,C85 Dual SIM 4G Swan Black 8GB RAM 256GB - International Version,6.8 in,7000 mAh,15299.0,13899.0
Infinix,Smart 20 Dual SIM Polaris Titanium 4+4GB RAM 64GB - Middle East Version,6.78 cm,5200 mAh,8499.0,7600.0
ITEL,S25 Ultra Dual SIM  Bromo Black 8+8GB RAM 256GB 4G With Buds 11 (Gift Color May Vary),6.78 in,5000 mAh,10999.0,9799.0
Xiaomi,Redmi A7 Pro Dual SIM Black 4GB RAM 128GB 4G -Middle East Version,6.9 in,6000 mAh,8693.0,
OPPO,A6x Dual SIM 4G Ice Blue 4GB RAM 128GB - Middle East Version,6.75 in,6100 mAh,12999.0,10749.0
Samsung,Galaxy A17 Dual SIM 4G Light Blue  6GB RAM 128GB  - Middle East Version,6.7 in,5000 mAh,14749.0,13499.0
Xiaomi,Redmi 15C Dual SIM Midnight Black 8GB RAM 256GB 4G - Middle East Version,6.9 in,6000 mAh,12050.56,
NOKIA,106 Dual SIM Dark Grey 4MB 2G,1.8 in,800 mAh,1353.0,506.95
OPPO,A6 Pro Dual SIM Stellar Blue 8GB RAM 256GB 4G-Middle East Version,6.57 in,7000 mAh,20900.0,
vivo,V70 FE Dual Sim Titanium Silver 12GB RAM 256GB 5G - Middle East Version,6.83 in,7000 mAh,26600.0,
Samsung,Galaxy A17 Dual SIM 4G Gray 4GB RAM 128GB - Middle East Version,6.7 in,5000 mAh,13799.0,11459.0
realme,Note 60x 4G Dual SIM Marble Black 4GB RAM 128GB - Middle East Version,6.74 in,5000 mAh,10499.0,9200.0
Infinix,Note 60 Dual SIM Midnight Black 8+8 GB RAM 256GB 5G - Middle East Version,6.78 in,6150 mAh,20999.0,18699.0
Infinix,Hot 60 Dual SIM Sleek Black 6+6GB RAM 128GB 5G - Middle East Version,6.7 in,5200 mAh,10199.0,
Infinix,Hot 60 Pro Dual SIM Titanium Silver 8+8GB RAM 256GB 4G - Middle East Version,6.78 in,5160 mAh,19799.0,15534.0
Samsung,Galaxy A56 5G Dual SIM Awesome Graphite 8GB RAM 256GB - Middle East Version,6.7 in,5000 mAh,25508.6,
Honor,X7e Dual SIM 4G Sunrise Orange 6GB RAM 128GB - Middle East Version,6.61 in,7500 mAh,11499.0,10655.0
OPPO,A6X Dual SIM Plum Purple 4GB RAM 64GB 4G - Middle East Version,6.75 in,6100 mAh,8835.0,
Infinix,Note Edge Dual SIM Shadow Black 8GB 256GB 5G - Middle East Version,6.78 in,6150 mAh,16499.0,14999.0
TECNO,Spark Slim Dual SIM 8GB RAM 256GB Slim White 4G - Middle East Version,6.78 in,5160 mAh,13350.0,
Samsung,Galaxy S26 Ultra Dual SIM Black 12GB RAM 512GB 5G - Middle East Version,6.9 in,5000 mAh,84999.0,77077.0
ZTE,Blade A36 Dual SIM Nebula Black 2GB+4GB RAM 64GB 4G - Middle East Version,6.75 in,5000 mAh,7348.0,
Infinix,Smart 20 Dual SIM Sunlike Orange 4+4GB RAM 128GB - Middle East Version,6.78 cm,5200 mAh,9888.0,8842.0
OPPO,A6 Pro Dual SIM Stellar Blue 8GB RAM 256GB 5G-Middle East Version,6.57 in,7000 mAh,21700.0,
Infinix,Hot 60 Dual SIM Shadow Blue 6+6GB RAM 128GB 5G - Middle East Version,6.7 in,5200 mAh,11199.0,10180.0
Infinix,Note Edge Dual SIM Silk Green 8GB 256GB 5G - Middle East Version,6.78 in,6150 mAh,16499.0,15349.95
realme,C71 Dual SIM White Swan 4GB RAM 128GB 4G - Middle East Version,6.67 in,6000 mAh,11050.0,
,Nokia 106 Dual Sim Black,1.8 in,800 mAh,572.15,
vivo,Y05 Dual SIM Light Platinum 4GB RAM 128GB 4G-Middle East Version,6.74 in,6500 mAh,9538.9,
Samsung,Galaxy A07 Dual SIM Green 4GB 128GB 4G - Middle East Version,6.7 in,5000 mAh,12199.0,9699.0
OPPO,A6 Pro Dual SIM Rosewood Red 8GB RAM 256GB 5G-Middle East Version,6.57 in,7000 mAh,21700.0,
Xiaomi,Redmi Note 15 Dual SIM Black 8GB RAM 256GB 4G - Middle East Version,6.77 in,6000 mAh,17539.45,
Samsung,Galaxy A07 Dual SIM Light Violet 4GB 128GB 4G - Middle East Version,6.7 in,5000 mAh,10499.0,
Infinix,Note Edge Dual SIM Stellar Blue 8GB 256GB 5G - Middle East Version,6.78 in,6150 mAh,16499.0,14699.0
Samsung,Galaxy A17 Dual SIM 4G  Light Blue 4GB RAM 128GB  - Middle East Version,6.7 in,5000 mAh,13799.0,12114.56
Samsung,Galaxy A37 Dual SIM Awesome Lavender 8GB RAM 256GB 5G - Middle East Version,6.7 in,5000 mAh,24999.0,23499.0
vivo,Y05 Dual SIM Black 4GB RAM 128GB 4G-Middle East Version,6.74 in,6500 mAh,9749.0,
vivo,Y05 Dual SIM Black 4GB RAM 64GB 4G-Middle East Version,6.74 in,6500 mAh,8050.0,
Xiaomi,POCO C85 Dual SIM Black 8GB RAM 256GB 4G - Global Version,6.9 in,6000 mAh,12999.0,11525.0
OPPO,A6 Dual SIM Aurora Gold 8GB RAM 256GB 4G - Middle East Version,6.75 in,7000 mAh,16223.0,
Xiaomi,REDMI A7 Pro Black 4GB RAM 128GB ROM 4G - Global Version,6.9 in,6000 mAh,8290.0,
Motorola,G56 Dual SIM 5G PANTONE Gray Mist 12GB RAM 256GB - Middle East Version,6.7 in,5200 mAh,14999.0,
vivo,Y05 Dual SIM  Light Platinum 4GB RAM 64GB 4G-Middle East Version,6.74 in,6500 mAh,8179.0,
Apple,iPhone 17 Pro Max 256 GB Silver 5G (Nano Sim & E-Sim ) With FaceTime - Middle East Version,6.9 in,5088 mAh,103999.0,90714.0
Infinix,Hot 60 Pro Dual SIM Titanium Silver 8+8GB RAM 256GB 4G With Free Cover (Color of the cover may vary),6.78 in,5160 mAh,19799.0,17999.0
Honor,X5c Plus 4G Dual SIM 4GB RAM 128GB Midnight Black - Middle East Version,6.74 in,5260 mAh,9299.0,8442.7
Samsung,Galaxy A26 5G Dual SIM Black 8GB RAM 256GB - Middle East Version,6.7 in,5000 mAh,18900.0,
Infinix,Hot 70 Dual SIM Silver Dancer 8GB RAM (4+4) 128GB 4G LTE - Middle East Version,6.78 in,5600 mAh,11999.0,10688.0
Infinix,Note 60 Dual SIM Fizz Blue 8+8 GB RAM 256GB 5G - Middle East Version,6.78 in,6150 mAh,20999.0,18699.0
Samsung,Galaxy A57 Dual SIM Awesome Gray 12GB RAM 256GB 5G - Middle East Version,6.7 in,5000 mAh,33333.0,29661.35
OPPO,Reno 15 Dual Sim Aurora White 12GB RAM 256GB 5G- Middle East Version,6.32 in,6200 mAh,32799.0,
Honor,X9d 5G Dual SIM 12GB RAM 256GB Reddish Brown - Middle East Version,6.79 in,8300 mAh,23999.0,
Honor,X5c Plus 4G Dual SIM 4GB RAM 128GB Ocean Cyan - Middle East Version,6.74 in,5260 mAh,8991.75,
vivo,V70 FE Dual Sim Titanium Silver 8GB RAM 256GB 5G-Middle East Version,6.83 in,7000 mAh,25276.2,
Honor,600 5G Dual SIM 12GB RAM 256GB Golden White - Middle East Version,6.57 in,7000 mAh,34999.0,31299.0
Infinix,Hot 70 Dual SIM Dive Blue 8GB RAM (4+4) 128GB 4G LTE - Middle East Version,6.78 in,5600 mAh,11999.0,10669.45
OPPO,Reno 15F Dual Sim Aurora blue 8GB RAM 256GB 5G- Middle East Version,6.57 in,7000 mAh,25799.0,
NOKIA,2720 Flip Dual SIM Grey 4GB 512MB RAM 4G LTE,2.8 in,1500 mAh,2000.0,
Infinix,Hot 60 Pro+ Dual SIM Sleek Black 8+8GB RAM 256 GB 4G - Middle East Version,6.78 in,5160 mAh,19999.0,14978.0
Infinix,Hot 70 Dual SIM Dive Blue 12GB RAM (6+6) 128GB 4G LTE - Middle East Version,6.78 in,5600 mAh,14899.0,11284.75
Xiaomi,POCO X7 Pro Dual SIM Black 12GB RAM 512GB 5G - Global Version,6.67 in,6000 mAh,25400.0,
OPPO,A6t Dual SIM 5G  Crystal Violet 6GB RAM 128GB - Middle East Version,6.75 in,6500 mAh,16999.0,15450.0
Infinix,Note 50 S Dual SIM Burgundy Red 8GB RAM 256GB 5G - Middle East Version,6.78 in,5200 mAh,19999.0,18199.0
Samsung,Galaxy A07 Dual SIM Light Violet 6GB Ram 128GB 4G - Middle East Version,6.7 in,5000 mAh,14099.0,11335.0
Samsung,Galaxy A16 Dual SIM 4G Black 4GB RAM 128GB - Middle East Version,6.7 in,5000 mAh,10313.0,
,"Girasole G30 - 2.4-inch Dual SIM Mobile Phone - Gold, Earphone Free , 12  Months Warranty",2.4 in,800 mAh,679.0,630.0
Honor,X7d Dual SIM 8GB RAM 256GB 4G Dessert Gold - Middle East Version,6.77 in,6500 mAh,14633.0,
Xiaomi,Redmi A7 Dual SIM Black 3GB RAM 64GB 4G - Middle East Version,6.9 in,6000 mAh,7999.0,7499.0
Infinix,Hot 70 Dual SIM Silver Dancer 12GB RAM (6+6) 128GB 4G LTE - Middle East Version,6.78 in,5600 mAh,14899.0,11666.0
Apple,iPhone 17 Pro Max 256 GB (eSIM only) Silver 5G With FaceTime - International Version,6.9 in,5088 mAh,99700.0,
Infinix,Note 50S Dual SIM  Mystic Plum 8GB RAM 256GB 5G -Middle East Version,6.78 in,5200 mAh,19999.0,17999.0
Samsung,Galaxy S26 Ultra Dual SIM White 12GB RAM 512GB 5G - Middle East Version,6.9 in,5000 mAh,84999.0,80600.0
,Nokia 110 Power Y2026 Dual SIM 4 MB Ram 4 MB 2G - Grey,2 in,1750 mAh,1448.95,
Xiaomi,Redmi Note 15 Dual SIM Black 8GB RAM 256GB 5G - Middle East Version,6.77 in,5520 mAh,19999.0,18399.0
NOKIA,125 Mobile Phone – Black – 2024 Model with Official HMD Warranty – NTRA Registered,2.4 in,1020 mAh,948.95,699.0
Motorola,G56 Dual SIM 5G PANTONE Dazzling Blue 12GB RAM 256GB - Middle East Version,6.7 in,5200 mAh,14949.0,
Samsung,Galaxy S25 Ultra AI Dual SIM Titanium Black 12GB RAM 256GB 5G - Middle East Version,6.9 in,5000 mAh,69999.0,61999.0
Honor,X9d 5G Dual SIM 12GB RAM 256GB Sunrise Gold - Middle East Version,6.79 in,8300 mAh,23590.0,
Xiaomi,Redmi Note 15 Dual SIM Black 6GB RAM 128GB 4G - Middle East Version,6.77 in,6000 mAh,15998.95,
Infinix,Smart 20 Dual SIM Cloudline Blue 4GB RAM 128GB - Middle East Version,6.78 cm,5200 mAh,9888.0,8975.0
realme,C75X Dual SIM Oceanic Blue 8GB RAM 256GB 4G - Middle East Version,6.67 in,5600 mAh,14300.0,
NOKIA,5310 Dual SIM Black/Red 8MB RAM 16MB 2G,2.4 in,1200 mAh,998.95,
Samsung,Galaxy A57 Dual SIM Awesome Navy 8GB RAM 256GB 5G - Middle East Version,6.7 in,5000 mAh,28999.0,26325.0
realme,15T Dual SIM Flowing Silver 8GB RAM 256GB 5G-Middle East Version,6.57 in,7000 mAh,18999.0,17500.0
Samsung,Galaxy A26 5G Dual SIM Peach Pink 8GB RAM 256GB - Middle East Version,6.7 in,5000 mAh,18900.0,
OPPO,A6X Dual SIM Ice Blue 4GB RAM 64GB 4G- Middle East Version,6.75 in,6100 mAh,8835.0,
Infinix,Note 60 Dual SIM 8+8GB RAM 256GB 5G Rose Gold Middle East Version with Free Infinix XWatch 3 Plus XW3P,6.78 in,6150 mAh,21999.0,19299.0
Infinix,Note 60 Dual SIM Mist Titanium 8+8 GB RAM 256GB 5G - Middle East Version,6.78 in,6150 mAh,20999.0,18799.0
Samsung,Galaxy S25 Ultra AI Dual SIM Titanium Silverblue 12GB RAM 256GB 5G - Middle East Version,6.9 in,5000 mAh,69999.0,62499.0
Motorola,Mobile Motorola G35 5G 8GB Ram 256GB ROM Red,6.67 in,5000 mAh,12399.0,11350.0
Xiaomi,Redmi Note 15 5G Dual SIM Black 8GB RAM 256GB 5G - Global Version,6.77 in,5520 mAh,19459.95,
ITEL,iT2160 Dual SIM Deep Blue 32MB 2G,1.77 in,1000 mAh,729.95,
OPPO,A5x Dual SIM 4G Laser White 4GB RAM 128GB - Middle East Version,6.72 in,6000 mAh,10200.0,
Infinix,Hot 70 Dual SIM Night Pulse 12GB RAM (6+6) 128GB 4G LTE - Middle East Version,6.78 in,5600 mAh,14899.0,10800.0
Infinix,Hot 70 Dual SIM Night Pulse 8GB RAM (4+4) 128GB 4G LTE - Middle East Version,6.78 in,5600 mAh,11999.0,10555.0
realme,15T Dual SIM Suit Titanium 8GB RAM 256GB 5G-Middle East Version,6.57 in,7000 mAh,16700.0,
Motorola,G56 Dual SIM 5G PANTONE Black Oyster 12GB RAM 256GB - Middle East Version,6.7 in,5200 mAh,14999.0,
Infinix,Hot 60 Pro+ Dual SIM Titanium Silver 8+8GB RAM 256 GB 4G - Middle East Version,6.78 in,5160 mAh,19999.0,15899.0
Xiaomi,Redmi 15C Dual SIM Midnight Black 6GB RAM 128GB 4G - Middle East Version,6.9 in,6000 mAh,12013.1,
,"Girasole G30 - 2.4-inch Dual SIM Mobile Phone - Black, Earphone Free , 12 Months Warranty",2.4 in,800 mAh,679.0,630.0
,Tecno Spark 40 Pro Dual Sim 8GB RAM 256GB Lake Blue-Middle east version,6.78 in,5200 mAh,13450.0,
OPPO,A6 Dual SIM 6GB RAM 128GB  SAPPHIRE BLUE 4G -Middle East Version,6.75 in,7000 mAh,16000.0,15140.0
Infinix,Hot 60i Dual SIM Titanium Silver 8+8GB RAM 256GB 4G - Middle East Version,6.7 in,5160 mAh,13256.0,
Honor,600 Pro 5G Dual SIM 12GB RAM 512GB Golden White - Middle East Version,6.57 in,7000 mAh,49998.95,
Honor,X9d 5G Dual SIM 12GB RAM 256GB Midnight Black - Middle East Version,6.79 in,8300 mAh,23849.0,
Xiaomi,Redmi Note 15 Dual SIM Purple 8GB RAM 256GB 5G - Middle East Version,6.77 in,5520 mAh,19459.95,
Xiaomi,Redmi 15C Dual SIM Moonlight Blue 8GB RAM 256GB 4G - Global Version,6.9 in,6000 mAh,12498.95,
realme,16 Pro 5G Dual SIM 12GB RAM 256GB Pebble Grey With free gift T200X ( color of the gift may vary ) - Middle East Version,6.78 in,7000 mAh,29999.0,27399.0
Xiaomi,Redmi 15C Dual SIM Moonlight Blue 8GB RAM 256GB 4G - Middle East Version,6.9 in,6000 mAh,12999.0,12299.0
Honor,600 5G Dual SIM 8GB RAM 256GB Orange - Middle East Version,6.57 in,7000 mAh,31499.0,28799.0
Infinix,Smart 20 Dual SIM Cloudline Blue 4+4GB RAM 64GB - Middle East Version,6.78 cm,5200 mAh,8799.0,7770.0
Honor,600 Lite Dual SIM 5G Desert Gold 8GB RAM 128GB - Middle East Version,6.6 cm,6520 mAh,20999.0,19279.0
Motorola,G56 Dual SIM 5G PANTONE Dill (Green) 12GB RAM 256GB - Middle East Version,6.7 in,5200 mAh,15999.0,14949.0
OPPO,Reno 15 Dual Sim Aurora White 12GB RAM 512GB 5G- Middle East Version,6.59 in,6500 mAh,36999.0,
realme,C71 Dual SIM Forest Owl 4GB RAM 256GB 4G - Middle East Version,6.67 in,6000 mAh,11849.95,
OPPO,Reno 15 Dual SIM Twilight Blue 12GB RAM 256GB 5G - Middle East Version,6.59 in,6500 mAh,32999.0,
Xiaomi,Redmi 15C Dual SIM Midnight Black 8GB RAM 256GB 4G - Global Version,6.9 in,6000 mAh,12999.0,12299.0
realme,Note 70 Dual SIM Beach Gold 4GB RAM 128GB 4G - Middle East Version,6.74 in,6300 mAh,10799.0,9500.0
Xiaomi,Redmi Note 15 Dual SIM Blue 8GB RAM 256GB 4G - Middle East Version,6.77 in,6000 mAh,17671.9,
Infinix,Note 50 S Dual SIM Titanium Grey 8GB RAM 256GB 5G - Middle East Version,6.78 in,5200 mAh,19599.95,
Infinix,Hot 70 Dual SIM Thermo Orange 12GB RAM (6+6) 128GB 4G LTE - Middle East Version,6.78 in,5600 mAh,14899.0,13499.0
Xiaomi,Redmi 15 4G Midnight Black Dual SIM 8GB RAM 256GB - Global Version,6.9 in,7000 mAh,13529.95,
Xiaomi,Redmi Note 13 Pro Dual SIM Midnight Black 8GB RAM 256GB - Global Version,6.67 in,5000 mAh,14500.0,
Samsung,Galaxy A17 Dual SIM Black 8GB 256GB 5G - Middle East Version,6.7 in,5000 mAh,20999.0,19025.0
Infinix,Smart 20 Dual SIM Sunlike Orange 4+4GB RAM 64GB - Middle East Version,6.78 cm,5200 mAh,8499.0,7600.0
Xiaomi,Redmi A7 Pro Dual SIM Mist Blue 4GB RAM 128GB 4G -Middle East Version,6.9 in,6000 mAh,8694.95,
ITEL,2160 Dual SIM Black 32MB 2G,1.77 in,1000 mAh,731.95,
,Vivo Y31D Dual SIM Grey 8GB RAM 256GB 4G - Middle East Version,6.75 in,7200 mAh,16499.0,14796.0
,Vivo Y11d Dual SIM Voyage Black 4GB RAM 128GB 4G - Middle East Version,6.74 in,6500 mAh,10500.0,9190.0
Infinix,Note Edge Dual SIM Lunar Titanium 8GB 256GB 5G with free Infinix Power Bank XP10 Pro,6.78 in,6150 mAh,16999.0,15999.0
Samsung,Galaxy A57 Dual SIM Awesome Lilac 12GB RAM 256GB 5G - Middle East Version,6.7 in,5000 mAh,33333.0,30499.0
Infinix,Note Edge Dual SIM Shadow Black 8GB 256GB 5G with free Infinix Power Bank XP10 Pro,6.78 in,6150 mAh,16999.0,15999.0
OPPO,A6t Dual SIM 5G Crystal Blue 6GB RAM 128GB - Middle East Version,6.75 in,6500 mAh,15599.0,
realme,16 5G Dual SIM 8GB RAM 256GB White with free gift Buds T200 lite ( Color of the gift may vary ) - Middle East Version,6.57 in,7000 mAh,22999.0,20555.0
Xiaomi,POCO C85 Dual SIM Green 8GB RAM 256GB 4G - Global Version,6.9 in,6000 mAh,11549.0,
Samsung,Galaxy A37 Dual SIM Awesome Graygreen 8GB RAM 256GB 5G - Middle East Version,6.7 in,5000 mAh,24999.0,23333.0
Samsung,Galaxy A57 Dual SIM Awesome Gray 8GB RAM 256GB 5G - Middle East Version,6.7 in,5000 mAh,28999.0,27000.0
Samsung,Galaxy S26 Ultra Dual SIM Cobalt Violet 12GB RAM 256GB 5G - Middle East Version,6.9 in,5000 mAh,74999.0,69111.0
realme,15 Dual SIM Titanium 12GB  RAM 256GB - 5G Middle East Version,6.8 in,7000 mAh,21660.0,
Xiaomi,Redmi Note 15 Dual SIM Blue 8GB RAM 256GB 5G - Middle East Version,6.77 in,5520 mAh,19999.0,18399.0
Samsung,Galaxy A27 Dual SIM 5G Blue 8GB RAM 128GB - Middle East Version,6.7 in,4400 mAh,18999.0,17299.0
NOKIA,3210 Dual SIM Grunge Black 64MB RAM 128MB 4G - Middle East Version,2.4 in,1450 mAh,1400.0,
,Itel 2165 Dual SIM 32GB Deep blue 1000 mAh,1.8 in,1000 mAh,647.95,
Apple,iPhone 16 Plus 256GB Black 5G With FaceTime - Middle East Version,6.7 in,4006 mAh,71999.0,65973.0
NOKIA,2720 Flip Dual SIM Black 4GB 512MB RAM 4G LTE,2.8 in,1500 mAh,2200.0,
Xiaomi,Redmi 15C Dual SIM Moonlight Blue 6GB RAM 128GB 4G - Middle East Version,6.9 in,6000 mAh,12053.65,
Apple,iPhone 17 256GB (Nano SIM + eSIM) Lavender 5G With FaceTime - International Version,6.3 in,3692 mAh,74444.0,
Honor,600 Lite Dual SIM 5G Sprout Green 8GB RAM 256GB - Middle East Version,6.6 cm,6520 mAh,21555.0,
,Girasole G30 2.4-inch Dual SIM Mobile Phone Red,2.4 in,800 mAh,679.0,630.0
Infinix,Note 60 Pro Dual SIM Mist Titanium 12GB RAM 256GB 5G - Middle East Version,6.78 cm,6500 mAh,26999.0,24600.0
Samsung,Galaxy A57 Dual SIM Awesome Icyblue 12GB RAM 256GB 5G - Middle East Version,6.7 in,5000 mAh,33333.0,29900.0
Honor,600 5G Dual SIM 12GB RAM 256GB Black - Middle East Version,6.57 in,7000 mAh,31220.0,
vivo,V70 FE Dual Sim Ocean Blue 8GB RAM 256GB 5G-Middle East Version,6.83 in,7000 mAh,25224.3,
OPPO,Reno 15F Dual Sim Twilight blue 8GB RAM 256GB 5G- Middle East Version,6.57 in,7000 mAh,25999.0,
Honor,600 5G Dual SIM 8GB RAM 256GB Black - Middle East Version,6.57 in,7000 mAh,31499.0,28630.0
realme,C85 Dual SIM 4G Kingfisher Blue 8GB RAM 256GB - International Version,6.8 in,7000 mAh,15299.0,13899.0
,Vivo Y31D Dual SIM Grey 8GB RAM 128GB 4G - Middle East Version,6.75 in,7200 mAh,13540.0,
Xiaomi,Redmi 15 Dual SIM Titan Grey 6GB RAM 128GB 4G - Middle East Version,6.9 in,7000 mAh,11100.0,
Infinix,GT 30 Pro Dual SIM Dark Flare 12+12GB RAM 512GB 5G With a free GT Magcharge Cooler+GT MECHA CASE- Middle East Version,6.78 in,5200 mAh,24290.0,
Samsung,Galaxy A57 Dual SIM Awesome Navy 12GB RAM 256GB 5G - Middle East Version,6.7 in,5000 mAh,33333.0,29350.0
Honor,X7d Dual SIM 8GB RAM 256GB 4G Velvet Black - Middle East Version,6.77 in,6500 mAh,15038.0,
Apple,iPhone 17 Pro 256GB (Nano SIM + eSIM) Cosmic Orange 5G With FaceTime - International Version,6.3 in,3988 mAh,94955.0,87999.95
OPPO,Reno 16F AI Phone Dual SIM 5G Pop White 8GB RAM 256GB - Middle East Version,6.57 in,7000 mAh,32000.0,28550.0
Apple,iPhone 17 Pro Max 256GB (Nano SIM + eSIM) Silver 5G With FaceTime - International Version,6.9 in,4832 mAh,106666.0,93999.0
,Nokia 6310 black 4G,2.8 in,1150 mAh,1300.0,
Samsung,Galaxy S25 Ultra AI Dual SIM Titanium Grey 12GB RAM 256GB 5G - Middle East Version,6.9 in,5000 mAh,70099.0,62632.0
Apple,iPhone 17 Pro Max 256GB (Nano SIM + eSIM) Deep Blue 5G  With FaceTime - International Version,6.9 in,4832 mAh,105459.2,93155.0
OPPO,A6 Dual SIM  4GB RAM 128GB Aurora Gold 4G-Middle East Version,6.75 in,7000 mAh,12578.0,
Samsung,Galaxy A37 Dual SIM Awesome White 8GB RAM 256GB 5G - Middle East Version,6.7 in,5000 mAh,24999.0,23333.0
TECNO,Spark Go 3 Dual SIM Ink Black 4GB Ram 64GB 4G -Middle east version,6.75 in,5000 mAh,7050.0,
Xiaomi,Redmi A7 Dual SIM Purple  3GB RAM 64GB 4G LTE - Middle East Version,6.9 in,5200 mAh,7320.0,
Samsung,Galaxy A37 Dual SIM Awesome Charcoal 8GB RAM 256GB 5G - Middle East Version,6.7 in,5000 mAh,24999.0,22393.85
Infinix,Hot 60 Pro+ Dual SIM Coral Tides 8+8GB RAM 256 GB 4G - Middle East Version,6.78 in,5160 mAh,19999.0,14506.0
Xiaomi,Redmi Note 15 Pro Dual SIM Titanium 12GB RAM 512 5G - Middle East Version,6.83 in,6580 mAh,25939.95,
Infinix,Note 60 Pro Dual SIM Solar Orange 24GB RAM (12+12)256GB 5G with Free Infinix Magpad 30W Charger and Infinix GTpower 55w (Color of gifts may vary),6.78 cm,6000 mAh,27999.0,25499.0
Infinix,Note 50 S Dual SIM Titanium Grey 8GB RAM 256GB 5G with Free cover (color of the cover may vary),6.78 in,5200 mAh,20199.0,18199.0
Apple,iPhone 17 Pro 256GB Silver 5G (Nano SIM + eSIM) With FaceTime - Middle East Version,6.3 in,3988 mAh,87999.0,
NOKIA,5710 XA Dual SIM White/Red 48MB RAM 128MB 4G -Middle East Version,2.4 in,1450 mAh,1999.0,1699.95
Xiaomi,POCO C85 Dual SIM Purple 8GB RAM 256GB 4G - Global Version,6.9 in,6000 mAh,11838.6,
Xiaomi,Redmi Note 15 Dual SIM Purple 8GB RAM 256GB 4G - Middle East Version,6.77 in,6000 mAh,17998.95,
Motorola,Mobile Motorola G35 5G 8GB Ram 256GB ROM Leaf Green,6.72 in,5000 mAh,13999.0,12500.0
ITEL,A200 Plus Dual SIM Meteor Titanium 3GB RAM 128GB 4G -Middle East Version,6.75 in,6000 mAh,7070.0,6550.0
Samsung,Galaxy A17 Dual SIM Gray 8GB 256GB 5G - Middle East Version,6.7 in,5000 mAh,20999.0,19025.0
Samsung,Galaxy S26 Ultra Dual SIM Black 12GB RAM 256GB 5G - Middle East Version,6.9 in,5000 mAh,74999.0,67000.0
Samsung,Galaxy S26 Dual SIM Black 12GB RAM 256GB 5G - Middle East Version,6.3 in,5000 mAh,53999.0,48444.0
realme,16 Pro 5G Dual SIM 12GB RAM 256GB Master Gold with free gift T200x ( Color of the gift may vary )  - Middle East Version,6.78 in,7000 mAh,29999.0,27399.0
Honor,X8d Dual SIM 4G Velvet Grey 8GB RAM 256GB - Middle East Version,6.77 in,7000 mAh,18499.0,16799.0
realme,C85 Pro Dual SIM Peacock Green 8GB RAM 256GB 4G - Middle East Version,6.8 in,7000 mAh,16000.0,
realme,C75 Dual SIM Storm Black 8GB  256GB 4G - Middle East Version,6.72 in,5828 mAh,14700.0,
Apple,iPhone 17e 256GB White 5G (Nano SIM + eSIM) With Facetime - International Version,6.1 in,4005 mAh,55000.0,
Honor,600 5G Dual SIM 12GB RAM 256GB Orange - Middle East Version,6.57 in,7000 mAh,34999.0,31299.0
Infinix,Hot 60i Dual SIM Sleek Black 8+8GB RAM 256GB 4G - Middle East Version,6.7 in,5160 mAh,12926.0,
Apple,iPhone 17 Pro Max 256 GB Deep Blue 5G  (Nano Sim & E-Sim ) With FaceTime - Middle East Version,6.9 in,5088 mAh,106999.0,90714.0
Xiaomi,Redmi 15C Dual SIM Twilight Orange 8GB RAM 256GB 4G - Middle East Version,6.9 in,6000 mAh,11980.0,
Samsung,Galaxy S25 Ultra AI Dual SIM Titanium Whitesilver 12GB RAM 256GB 5G - Middle East Version,6.9 in,5000 mAh,69999.0,62333.0
Samsung,Galaxy A26 5G Dual SIM White 8GB RAM 256GB - Middle East Version,6.7 in,5000 mAh,20111.0,
TECNO,Spark Go 3 Dual SIM Galaxy Blue 4GB Ram 64GB 4G -Middle east version,6.75 in,5000 mAh,7350.0,
realme,15T Dual SIM Flowing Silver 12GB RAM 256GB 5G-Middle East Version,6.57 in,6500 mAh,19500.0,18430.0
TECNO,Spark Go 3 Dual SIM Titanium Grey 4GB Ram 64GB 4G -Middle east version,6.75 in,5000 mAh,7090.0,
Apple,iPhone Air 256GB (eSIM only) Sky Blue 5G With FaceTime - Middle East Version,6.5 in,3149 mAh,75050.0,
Samsung,Galaxy S26 Plus Dual SIM Black 12GB RAM 256GB 5G - Middle East Version,6.9 in,5000 mAh,61999.0,55888.0
Xiaomi,Redmi 15C Dual SIM Mint Green 8GB RAM 256GB 4G - Global Version,6.9 in,6000 mAh,12554.95,
Apple,iPhone 17 Pro Max 256GB (Nano SIM + eSIM) Cosmic Orange 5G With FaceTime - International Version,6.9 in,4832 mAh,101199.0,93155.0
Honor,X9d 5G Dual SIM 12GB RAM 256GB Midnight Black with free Honor Choice Earbuds X7e,6.79 in,8300 mAh,26999.0,24099.0
Samsung,Galaxy A57 Dual SIM Awesome Icyblue 8GB RAM 256GB 5G - Middle East Version,6.7 in,5000 mAh,27243.0,
Samsung,Galaxy A57 Dual SIM Awesome Gray 12GB RAM 512GB 5G - Middle East Version,6.7 in,5000 mAh,36999.0,34444.0
Xiaomi,Redmi Note 15 Pro Dual SIM Glacier Blue 12GB RAM 256 5G - Middle East Version,6.83 in,6580 mAh,24249.95,
,Vivo Y31D Dual SIM Gold 8GB RAM 256GB 4G - Middle East Version,6.75 in,7200 mAh,16333.0,
Apple,iPhone 17 Pro 256GB Deep Blue 5G (Nano SIM + eSIM) With FaceTime - Middle East Version,6.3 in,3988 mAh,91999.0,86500.0
NOKIA,130 Dual SIM Black 4 MB 2G,1.8 in,1020 mAh,1199.0,695.55
OPPO,A6 Dual SIM  6GB RAM 128GB Aurora Gold 4G-Middle East Version,6.75 in,7000 mAh,15149.95,
Infinix,Hot 70 Dual SIM Thermo Orange 8GB RAM (4+4) 128GB 4G LTE - Middle East Version,6.78 in,5600 mAh,11999.0,10899.0
sunelan,Mobile Sunelan S101 Dual sim Battery 1000 Blue/Black,,,469.0,
Honor,600 Lite Dual SIM 5G Velvet Grey 8GB RAM 256GB - Middle East Version,6.6 cm,6520 mAh,22666.0,
NOKIA,3210 Dual SIM Scuba Blue 64MB RAM 128MB 4G - Middle East Version,2.4 in,1450 mAh,1300.0,
realme,C75 Dual SIM Lightning Gold 8GB 256GB 4G - Middle East Version,6.72 in,5828 mAh,14750.0,
vivo,Y11d Dual SIM Sunrise Gold 4GB RAM 128GB 4G - Middle East Version,6.74 in,6500 mAh,11999.0,9190.0
Samsung,Galaxy A57 Dual SIM Awesome Icyblue 12GB RAM 512GB 5G - Middle East Version,6.7 in,5000 mAh,36999.0,34144.0
Infinix,"Note 60 5G Smartphone 8GB RAM 256GB Storage, Dual SIM Android Mobile Phone – Mist Titanium",6.78 in,6500 mAh,19666.0,
Infinix,Note Edge Dual SIM Lunar Titanium 8GB 256GB 5G - Middle East Version,6.78 in,6150 mAh,16499.0,14999.0
NOKIA,130 Dual SIM Black 4 MB,1.77 in,1020 mAh,696.6,
Samsung,Galaxy S26 Dual SIM White 12GB RAM 256GB 5G - Middle East Version,6.9 in,5000 mAh,52999.0,47999.0
,VIVO V50 Lite Dual SIM Green 8GB RAM 256GB 4G-middle east version,6.77 in,6500 mAh,18886.0,
Infinix,Hot 60i Dual SIM Titanium Silver 8+8GB RAM 256GB 4G - Middle East Version,6.7 in,5160 mAh,13256.0,
Xiaomi,Redmi Note 15 Dual SIM Black 12GB RAM 512GB 5G - Middle East Version,6.77 in,5520 mAh,20700.0,
,Vivo Y31D Dual SIM Gold 8GB RAM 128GB 4G - Middle East Version,6.75 in,7200 mAh,13540.0,
Infinix,GT 50 Pro Dual SIM Black Abyss 24GB RAM (12+12) 256GB 5G with Free GT Magcase and XE35 earbuds (Color of gifts may vary),6.78 in,6500 mAh,30999.0,28799.0
,Vivo Y31D Dual SIM Grey 6GB RAM 128GB 4G - Middle East Version,6.75 in,7200 mAh,12970.0,
Xiaomi,Redmi Note 15 Dual SIM Blue 6GB RAM 128GB 4G - Middle East Version,6.77 in,6000 mAh,15605.1,
Apple,iPhone 16 128GB White 5G With FaceTime - Middle East Version,6.1 in,3561 mAh,58000.0,
,Vivo Y11d Dual SIM Sunrise Gold 6GB RAM 128GB 4G - Middle East Version,6.74 in,6500 mAh,12499.0,11131.85
Apple,iPhone 17 256GB (eSIM only) Mist Blue 5G With FaceTime - International Version,6.3 in,3692 mAh,73800.0,
Samsung,Galaxy A07 Dual SIM Black 8GB RAM 256GB 4G- Middle East Version,6.7 in,5000 mAh,13982.06,
Samsung,Galaxy A27 Dual SIM 5G Black 8GB RAM 128GB - Middle East Version,6.7 in,4400 mAh,18999.0,17299.0
Infinix,Note 60 Dual SIM Rose Gold 8+8 GB RAM 256GB 5G - Middle East Version,6.78 in,6150 mAh,20999.0,18699.0
Apple,iPhone 17 Pro Max 1TB (Nano SIM + eSIM) Silver 5G With FaceTime - International Version,6.9 in,4832 mAh,130000.0,
OPPO,A6 Dual SIM 4GB RAM 128GB  SAPPHIRE BLUE 4G -Middle East Version,6.75 in,7000 mAh,11900.0,
realme,15T Dual SIM Suit Titanium 12GB RAM 256GB 5G-Middle East Version,6.57 in,6500 mAh,19500.0,18430.0
Samsung,Galaxy S25 FE Dual SIM White 8GB  512GB 5G - Middle East Version,6.7 in,4900 mAh,49999.0,44750.0
OPPO,Reno 15 Dual Sim Twilight blue 12GB RAM 512GB 5G- Middle East Version,6.32 in,6200 mAh,36999.0,
Samsung,Galaxy S26 Ultra Dual SIM Sky Blue 12GB RAM 256GB 5G - Middle East Version,6.9 in,5000 mAh,74999.0,69474.0
Xiaomi,Redmi 15 Dual SIM Midnight Black 6GB RAM 128GB 4G - Middle East Version,6.9 in,7000 mAh,11600.0,
Apple,iPhone 17 256GB Mist Blue 5G (Nano SIM + eSIM) With FaceTime - Middle East Version,6.3 in,3692 mAh,75554.95,
HUAWEI,Nova 15 Max Dual SIM Golden Black  8+8 GB RAM 256GB with Free FreeBuds SE 3 Beige & 1 Year HUAWEI Care - Middle East Version,6.84 in,8500 mAh,22999.0,20600.0
Xiaomi,Redmi Note 15 Pro Dual SIM 5G Black 12GB RAM 256GB - Global Version,6.83 in,6580 mAh,24100.0,
Xiaomi,Redmi Note 15 Dual SIM Blue 12GB RAM 512GB 5G - Middle East Version,6.77 in,5520 mAh,22500.0,
Apple,iPhone 17 Pro Max 256 GB (eSIM only) Silver 5G With FaceTime - Middle East Version,6.9 in,5088 mAh,107000.0,100731.65
Infinix,Smart 20 X6840B Smartphone 64GB Storage 4GB RAM 4G LTE 6.78-inch HD+ Display 5200mAh Battery Dual Camera - Sunlike  Orange,6.78 in,5200 mAh,8999.0,7899.0
Apple,iPhone 17 256GB (eSIM only) Black 5G With FaceTime - International Version,6.3 in,3692 mAh,73800.0,
Honor,X8d Dual SIM 4G Light Blue 8GB RAM 256GB - Middle East Version,6.77 in,7000 mAh,16740.4,
,Vivo Y11d Dual SIM Voyage Black 6GB RAM 128GB 4G - Middle East Version,6.74 in,6500 mAh,12499.0,11090.0
Xiaomi,Redmi 15C Dual SIM Mint Green 8GB RAM 256GB 4G - Middle East Version,6.9 in,6000 mAh,13999.0,12349.0
Infinix,Hot 60i Dual SIM Meadow Green 8+8GB RAM 256GB 4G - Middle East Version,6.7 in,5160 mAh,12587.0,
Samsung,Galaxy S25 Ultra Dual SIM Titanium Black 12GB RAM 256GB 5G - International Version,6.8 in,5000 mAh,70444.0,66199.95
Infinix,"Note 60 5G Smartphone 8GB RAM 256GB Storage, Dual SIM Android Mobile Phone – Midnight Black",6.78 in,6500 mAh,19200.0,
Samsung,Galaxy A37 Dual SIM Awesome Lavender 12GB RAM 256GB 5G - Middle East Version,6.7 in,5000 mAh,27999.0,25888.0
Samsung,Galaxy A57 Dual SIM Awesome Navy 12GB RAM 512GB 5G - Middle East Version,6.7 in,5000 mAh,35332.95,
Xiaomi,Redmi Note 15 5G Dual SIM Glacier Blue 8GB RAM 256GB 5G - Global Version,6.77 in,5520 mAh,19459.95,
,Itel 2165 Dual SIM 32GB 1000 mAh- Black,1.8 in,1000 mAh,750.0,645.0
OPPO,Reno16 F AI Phone Dual SIM 5G Pop White 12GB RAM 256GB - Middle East Version,6.57 in,7000 mAh,32656.0,
HUAWEI,nova 15 Max Dual SIM Smartphone Golden Black Smartphone 8GB RAM + 256GB - Middle East Version,6.84 in,8500 mAh,21499.0,18998.95
OPPO,"A6 Smartphone - 256GB Storage, 8GB RAM, Sapphire Blue Color, 4G, Local Warranty",6.75 in,7000 mAh,16520.0,
Infinix,Smart 20 X6840B Smartphone 64GB Storage 4GB RAM 4G LTE 6.78-inch HD+ Display 5200mAh Battery Dual Camera - Shadow  Black,6.78 in,5200 mAh,7732.05,
Motorola,Edge 60 Fusion 5G Dual SIM Pantone Zephyr 12GB RAM  256GB - Middle East Version,6.7 in,5200 mAh,19802.0,
Apple,iPhone 15 128GB Black 5G With FaceTime - Middle East Version,6.1 in,3877 mAh,51800.0,
Infinix,"GT 50 Pro Dual SIM Black Abyss 24GB RAM (12+12) 512GB 5G with Free GT Magcase, Magcharge cooler (Color of gifts may vary) - Middle East Version",6.78 in,6500 mAh,37499.0,34499.0
Xiaomi,POCO X7 Pro Dual SIM Green 12GB RAM 512GB 5G - Global Version,6.67 in,6000 mAh,25400.0,
Xiaomi,Redmi Note 15 Dual SIM Forest Green 8GB RAM 256GB 4G - Middle East Version,6.77 in,6000 mAh,17998.95,
Samsung,Galaxy A07 Dual SIM Black 8GB Ram 256GB 4G - Middle East Version,6.7 in,5000 mAh,13982.06,
,"Realme C85 Pro Smartphone - 256GB Storage, 8GB RAM, Peacock Green Color, 4G, Local Warranty",6.8 in,7000 mAh,16415.0,
Honor,X9d 5G Dual SIM 12GB RAM 256GB Sunrise Gold with free Honor Choice Earbuds X7e,6.79 in,8300 mAh,26999.0,24099.0
realme,15 Pro 5G AI Dual SIM Flowing Silver 12GB RAM 256GB- Middle East Version,6.8 in,7000 mAh,27538.0,
Xiaomi,Pad 7 11.2-inch Tablet Blue 8GB 256GB WiFi - Global version,11.2 in,8850 mAh,21015.0,
HUAWEI,nova Y74 Dual SIM Smartphone Blue 8GB + 256GB - Middle East Version,6.67 in,6620 mAh,14444.0,12637.5
vivo,V60 Lite Dual SIM Blue 8GB RAM 256 GB 4G - Middle East Version,6.77 in,6500 mAh,20332.95,
Xiaomi,REDMI A7 Pro Black 4GB RAM 64GB ROM 4G - Global Version,6.9 in,6000 mAh,8258.8,
Apple,iPhone 17 256GB (Nano SIM + eSIM) Black 5G  With FaceTime - International Version,6.3 in,3692 mAh,74444.0,
Infinix,Smart 20 X6840B Smartphone 128GB Storage 4GB RAM 4G LTE 6.78-inch HD+ Display 5200mAh Battery Dual Camera - Polaris titanium,6.78 in,5200 mAh,9100.0,
Samsung,Galaxy A26 5G Dual SIM White 6GB RAM 128GB - Middle East Version,6.7 in,5000 mAh,16000.0,
Apple,iPhone 16 Plus 256GB Ultramarine 5G With FaceTime - Middle East Version,6.7 in,4006 mAh,73500.0,65973.0
Apple,iPhone 17 256GB (Nano SIM + eSIM) Sage 5G  With FaceTime - International Version,6.3 in,3692 mAh,74444.0,
vivo,V60 Dual SIM Auspicious Gold 12GB RAM 256GB 5G - Middle East Version,6.77 in,6500 mAh,31074.0,
,"Samsung Galaxy M55 Dual SIM, 128GB, 8GB RAM, 5G - Black",6.7 cm,5000 mAh,15567.0,
Xiaomi,Redmi Note 15 Pro+ Dual SIM Black 12GB RAM 256 5G - Middle East Version,6.83 in,6500 mAh,34088.0,
Honor,X6c Dual SIM 4G Ocean Cyan 6GB RAM 256GB - Middle East Version,6.61 in,5300 mAh,13250.0,
OPPO,A6 Pro Dual SIM Rosewood Red 8GB RAM 256GB 4G-Middle East Version,6.57 in,7000 mAh,20900.0,
sunelan,Mobile Sunelan S10 Dual sim Battery 1000 Black/Grey,,1000 mAh,490.0,
Honor,600 5G Dual SIM 12GB RAM 256GB Orange With Free Choice Earbuds X7e  (Color of gift may vary),6.57 in,7000 mAh,35555.0,31777.0
Xiaomi,17T Dual SIM+eSIM 5G Black 12GB RAM 512GB - Global Version,6.59 in,6500 mAh,39299.95,
Xiaomi,17T Pro Dual SIM+eSIM 5G Deep Blue 12GB RAM 512GB - Global Version,6.83 in,7000 mAh,53777.0,
Motorola,G35 Dual SIM Leaf Green 8GB RAM 256GB 5G - Middle East Version,6.67 in,5000 mAh,12399.0,11350.0
Apple,iPhone 17e 256GB Black 5G (Nano SIM + eSIM) With Facetime - International Version,6.1 in,4005 mAh,55000.0,
HUAWEI,nova Y74 Dual SIM Smartphone Black 8GB + 256GB - Middle East Version,6.67 in,6620 mAh,14444.0,12500.0
Apple,iPhone 17 256GB (Nano SIM + eSIM) White 5G  With FaceTime - International Version,6.3 in,3692 mAh,75555.0,
ITEL,A100c titanium Gold 3+5GB RAM 128 GB 4G - Middle East Version,6.6 in,5000 mAh,6604.0,
Apple,iPhone 17e 256GB Soft Pink 5G (Nano SIM + eSIM) With Facetime - International Version,6.1 in,4005 mAh,51555.0,
TECNO,Spark Go 3 Dual SIM Titanium Grey  4GB Ram 128GB 4G -Middle east version,6.75 in,5000 mAh,9500.0,8550.0
realme,16 5G Dual SIM 8GB RAM 256GB Black with free gift Buds T200 lite ( Color of the gift may vary ) - Middle East Version,6.57 in,7000 mAh,22999.0,20555.0
,OPPO Reno16 F Dual SIM Pop White 8GB RAM 256GB 5G - Middle East Version,6.57 in,7000 mAh,29300.0,
,"Realme C85 Pro Dual SIM, 256GB Storage, 8GB RAM, 4G LTE, Local Warranty",6.8 in,7000 mAh,16415.0,
Samsung,Galaxy S25 Ultra AI Dual SIM Titanium Black 12GB RAM 512GB 5G - Middle East Version,6.9 in,5000 mAh,72222.0,
Apple,iPhone 17 Pro 256GB (Nano SIM + eSIM) Deep Blue 5G With FaceTime - International Version,6.3 in,3988 mAh,97000.0,87999.95
realme,C75X Dual SIM Coral Pink 8GB RAM 256GB 4G - Middle East Version,6.67 in,5600 mAh,17150.0,
Samsung,Galaxy S26 Ultra Dual SIM Cobalt Violet 12GB RAM 512GB 5G - Middle East Version,6.9 in,5000 mAh,82999.0,
Apple,iPhone 17 Pro 256GB (Nano SIM + eSIM) Silver 5G With FaceTime - International Version,6.3 in,3988 mAh,97900.0,88999.95
Honor,X7e Dual SIM 4G Sunrise Orange 6GB RAM 256GB - Middle East Version,6.61 in,7500 mAh,13599.0,12197.0
TECNO,Spark Go 3 Dual SIM Ink Black 4GB Ram 128GB 4G -Middle east version,6.75 in,5000 mAh,8540.0,
Honor,X7e Plus  Dual SIM 5G 8GB RAM 256GB Velvet Black With Free Choice Earbuds X7e (Color of gift may vary) - Middle East Version,6.87 in,7700 mAh,20999.0,18799.0
Infinix,Smart 20 X6840B Smartphone 128GB Storage 4GB RAM 4G LTE 6.78-inch HD+ Display 5200mAh Battery Dual Camera - Sunlike Orange,6.78 in,5200 mAh,9409.95,
Infinix,Note 60 Pro Dual SIM Torino Black  24GB RAM (12+12)256GB 5G with Free Infinix Magpad 30W Charger,6.78 in,6000 mAh,27999.0,24900.0
realme,Note 70 Dual SIM Obsidian Black 4GB RAM 128GB 4G - Middle East Version,6.74 in,6300 mAh,10799.0,9500.0
Honor,X9d 5G Dual SIM 12GB RAM 256GB Forest Green - Middle East Version,6.79 in,8300 mAh,24150.0,
Motorola,G85 Dual SIM Cobalt Blue 12GB RAM 256GB 5G - Middle East Version,6.67 in,5000 mAh,15900.0,
vivo,Y31 Dual Sim Black 8GB Ram 256GB 5G-Middle East Version,6.6 in,6500 mAh,16999.0,16007.0
NOKIA,5310 Dual SIM Black Red 8MB Ram 16MB GSM 4G,2.4 in,1200 mAh,998.95,
Honor,600 Lite Dual SIM 5G Velvet Black 8GB RAM 128GB - Middle East Version,6.6 cm,6520 mAh,20555.0,18555.0
Apple,iPhone Air 256GB (eSIM only) Light Gold 5G With FaceTime - Middle East Version,6.5 in,3149 mAh,75050.0,
Samsung,Galaxy A26 5G Dual SIM Black 6GB RAM 128GB - Middle East Version,6.7 in,5000 mAh,15499.0,
Honor,X7d Dual SIM 8GB RAM 256GB 4G Meteor Silver - Middle East Version,6.77 in,6500 mAh,15190.45,
Apple,iPhone 16 128GB Ultramarine 5G With FaceTime - Middle East Version,6.1 in,3561 mAh,70000.0,63650.0
HUAWEI,Nova 15 Max Dual SIM Lake Cyan  8+8 GB RAM 256GB with Free FreeBuds SE 3 Beige & 1 Year HUAWEI Care - Middle East Version,6.84 in,8500 mAh,22999.0,20649.0
Xiaomi,Redmi 15C Dual SIM Mint Green 6GB RAM 128GB 4G - Middle East Version,6.9 in,6000 mAh,11979.95,
Honor,X7e Plus  Dual SIM  5G 8GB RAM 256GB Desert Gold - Middle East Version,6.87 in,8100 mAh,18150.0,
vivo,Y500 Dual SIM White 8GB RAM 256GB-Middle East Version,6.83 in,8100 mAh,21999.0,18618.0
Samsung,Galaxy S26 Plus Dual SIM Cobalt Violet 12GB RAM 256GB 5G - Middle East Version,6.9 in,5000 mAh,61999.0,54645.0
Xiaomi,Redmi 15C Dual SIM Twilight Orange 8GB RAM 256GB 4G - Global Version,6.9 in,6000 mAh,12498.95,
Xiaomi,Redmi A7 Pro Dual SIM 4G Sunset Orange 4GB RAM 128GB - Global Version,6.9 in,6000 mAh,8485.0,
Samsung,Galaxy M55 Dual SIM 5G Black 8GB RAM 256GB - Middle East Version,6.7 in,5000 mAh,18888.0,
Xiaomi,Redmi Note 15 4G Dual SIM Black 8GB RAM 256GB  - Global Version,6.77 in,6000 mAh,17100.0,
Xiaomi,17T Dual SIM+eSIM 5G Black 12GB RAM 256GB - Global Version,6.59 in,6500 mAh,37644.0,
Apple,iPhone 17 256GB (eSIM only) White 5G With FaceTime - International Version,6.3 in,3692 mAh,74100.0,
OPPO,Reno16 F AI Phone Dual SIM 5G Twilight Violet 12GB RAM 256GB - Middle East Version,6.57 in,7000 mAh,32656.0,
NOKIA,Mobile 106 Dual Sim 4G Black,1.8 in,800 mAh,575.0,
realme,15T Dual SIM Suit Titanium 8GB RAM 256GB 5G-Middle East Version,6.57 in,7000 mAh,16700.0,
Apple,iPhone 17 Pro Max 1TB (eSIM only) Cosmic Orange 5G With FaceTime - International Version,6.9 in,5088 mAh,133770.0,118900.0
,"Samsung SM-B315E Dual SIM Phone - 2G GSM Network, Black",3.9 in,800 mAh,992.15,
Samsung,Galaxy A57 Dual SIM Awesome Lilac 8GB RAM 256GB 5G - Middle East Version,6.7 in,5000 mAh,27980.0,
NOKIA,106 Dual Sim 4G-Black,1.8 in,800 mAh,521.71,480.35
Samsung,Galaxy A73 Dual Sim Awesome Grey 8GB RAM 128GB - International Version,6.7 in,5000 mAh,18999.0,
Samsung,Galaxy S26 Plus Dual SIM Sky Blue 12GB RAM 256GB 5G - Middle East Version,6.9 in,5000 mAh,61999.0,56699.0
Samsung,Galaxy S25 Ultra AI Dual SIM Titanium Silverblue 12GB RAM 1TB 5G - Middle East Version,6.9 in,5000 mAh,84999.0,78888.0
Samsung,Galaxy S26 Dual SIM Sky Blue 12GB RAM 256GB 5G - Middle East Version,6.9 in,5000 mAh,53999.0,47895.0
Honor,X8d Dual SIM 4G Velvet Black 8GB RAM 256GB - Middle East Version,6.77 in,7000 mAh,17150.0,
Samsung,Galaxy A57 Dual SIM Awesome Icyblue 12GB RAM 512GB 5G - International Version,6.7 in,5000 mAh,35000.0,
TECNO,Camon 40 Pro Dual SIM Emerald Lake Green 12GB RAM 256GB 5G - Middle East Version,6.78 in,5200 mAh,19740.0,
,Sunelan S14 Dual Sim Black Red 32MB,1.8 in,1000 mAh,525.0,
Samsung,Galaxy A07 Dual SIM Green 6GB Ram 128GB 4G - Middle East Version,6.7 in,5000 mAh,14099.0,11495.0
,Sunelan S7 Dual Sim Black 32MB,1.8 in,,499.0,
,Vivo Y31D Dual SIM Gold 6GB RAM 128GB 4G - Middle East Version,6.75 in,7200 mAh,12392.0,
,"Vivo Y31d Dual SIM Smartphone, 128GB Storage, 6GB RAM, 4G LTE, Charcoal Grey - Official Warranty Version",6.75 in,7200 mAh,12392.0,
Infinix,Smart 20 X6840B Smartphone 64GB Storage 4GB RAM 4G LTE 6.78-inch HD+ Display 5200mAh Battery Dual Camera - Cloudline Blue,6.78 in,5200 mAh,7998.95,
Apple,iPhone 17 256GB (eSIM only) Lavender 5G With FaceTime - International Version,6.3 in,3692 mAh,74100.0,
Samsung,Galaxy A26 5G Dual SIM Peach Pink 6GB RAM 128GB - Middle East Version,6.7 in,5000 mAh,16000.0,
NOKIA,105 Dual Sim Black 4MB,1.77 in,800 mAh,573.15,
NOKIA,108 4G TA-1654 DS GCC Black,2 in,1450 mAh,1449.0,
Samsung,Galaxy S26 Plus Dual SIM White 12GB RAM 256GB 5G - Middle East Version,6.9 in,5000 mAh,61999.0,55200.0
Samsung,Galaxy S26 Ultra Dual SIM White 12GB RAM 256GB 5G - Middle East Version,6.9 in,5000 mAh,69999.0,
Xiaomi,Redmi A5 4G Dual SIM Midnight Black 4GB RAM 128GB - Global Version,6.88 in,5200 mAh,8819.0,
NOKIA,Mobile 6310 dual SIM black,1.8 in,1050 mAh,2000.0,
Apple,iPhone 17 Pro Max 256 GB (eSIM only) Cosmic Orange 5G With FaceTime - Middle East Version,6.9 in,5088 mAh,109829.58,100853.11
Xiaomi,Redmi A7 Pro Dual SIM Palm Green 4GB RAM 64GB 4G - Middle East Version,6.9 in,6000 mAh,8259.8,
Infinix,GT 50 Pro Dual SIM Red Blaze 24GB RAM (12+12) 256GB 5G with Free GT Magcase and XE35 earbuds (Color of gifts may vary),6.78 in,6500 mAh,30999.0,28799.0
Samsung,Galaxy A56 5G Dual SIM Awesome Olive 8GB RAM 256GB - Middle East Version,6.7 in,5000 mAh,26856.0,
Honor,X7d Dual SIM  4G Velvet Black 8GB RAM 256GB - Middle East Version,6.77 in,6500 mAh,16000.0,14998.0
ITEL,A100c Pure Black 3+5GB RAM 128 GB 4G - Middle East Version,6.6 in,5000 mAh,6690.0,
Honor,X7e Plus  Dual SIM 5G 8GB RAM 256GB Velvet Black - Middle East Version,6.87 in,8100 mAh,18150.0,
NOKIA,2720 Flip Dual SIM Black 4GB 512MB RAM,2.8 in,1500 mAh,3999.0,3499.0
Infinix,"Note 60 5G Smartphone 8GB RAM 256GB Storage, Dual SIM Android Mobile Phone – Fizz Blue",6.78 in,6500 mAh,19535.0,
vivo,V70 FE Dual Sim Ocean Blue 12GB RAM 256B 5G - Middle East Version,6.83 in,7000 mAh,27999.0,
,"Oppo Reno15 F Dual SIM, 256GB, 12GB RAM, 5G - Aurora Blue",6.5 in,7000 mAh,27999.0,
realme,15 Pro 5G AI Dual SIM Velvet Green 12GB RAM 256GB- Middle East Version,6.8 in,7000 mAh,27538.0,
,"Realme C85 Dual SIM, 256GB Storage, 8GB RAM, 4G LTE, Local Warranty",6.8 in,7000 mAh,14838.0,
NOKIA,2720 Flip Dual SIM Black 4GB 512MB RAM 4G LTE,2.8 in,1500 mAh,3498.95,
Infinix,Smart 20 X6840B Smartphone 128GB Storage 4GB RAM 4G LTE 6.78-inch HD+ Display 5200mAh Battery Dual Camera - Shadow Black,6.78 in,5200 mAh,9999.0,9299.0
Apple,iPhone 17 Pro Max 256 GB (eSIM only) Cosmic Orange 5G With FaceTime - International Version,6.9 in,5088 mAh,100349.95,
,Nokia 108 Dual SIM TA-1627 Feature Phone - Black,2 in,1000 mAh,1099.0,1000.0
Xiaomi,REDMI A7 Pro Palm Green 4GB RAM 128GB ROM 4G - Global Version,6.9 in,6000 mAh,9500.0,8485.0
Samsung,Galaxy A16 4G Dual SIM Light Green 4GB RAM 128GB - Middle East Version,6.7 in,5000 mAh,10313.0,
realme,C85 Pro Dual SIM Parrot Purple 8GB RAM 256GB 4G - Middle East Version,6.8 in,7000 mAh,16000.0,
OPPO,A6 5G Dual SIM Aurora Gold 8GB RAM 256GB - Middle East Version,6.75 in,7000 mAh,18496.0,
Samsung,Galaxy S25 Ultra AI Dual SIM Titanium Black 12GB RAM 1TB 5G - Middle East Version,6.9 in,5000 mAh,81355.0,
Infinix,Hot 60 Pro Dual SIM Coral Tides 8+8GB RAM 256GB 4G with Free cover (color of the cover may vary ),6.78 in,5160 mAh,19799.0,17999.0
vivo,Y500 Dual SIM White 6GB RAM 256GB-Middle East Version,6.83 in,8100 mAh,16800.0,
Xiaomi,Redmi Note 15 Pro Dual SIM Black 12GB RAM 512 5G - Middle East Version,6.83 in,6580 mAh,25846.29,
Xiaomi,Redmi A7 Pro Dual SIM Palm Green 4GB RAM 128GB 4G - Middle East Version,6.9 in,6000 mAh,9057.0,
Honor,X7e Plus Dual SIM 5G 6GB RAM 128GB Desert Gold - Middle East Version,6.87 in,8100 mAh,15200.0,
Motorola,Moto G56 5G 12GB RAM 256GB ROM Pantone Black Oyster - International Version,6.76 in,5200 mAh,15444.0,
Samsung,Galaxy A27 Dual SIM 5G Blue 8GB RAM 256GB - Middle East Version,6.7 in,4400 mAh,21999.0,19799.0
Xiaomi,"Redmi Note 15 Pro Dual Sim – 512GB, 12GB Ram, 5G,Black",6.83 in,6580 mAh,24900.0,
Honor,X6c Dual SIM 4G Ocean Cyan 6GB RAM 256GB - Middle East Version,6.61 in,5300 mAh,13250.0,
OPPO,A6X Dual SIM Plum Purple 4GB RAM 128GB 5G - Middle East Version,6.75 in,6500 mAh,12220.0,
Xiaomi,Redmi A7 Dual SIM Blue 3GB RAM 64GB 4G LTE - Middle East Version,6.9 in,5200 mAh,7819.95,
Apple,iPhone 17 Pro 256 GB (eSIM only) Silver 5G With FaceTime - International Version,6.3 in,4252 mAh,96700.0,90443.95
Infinix,Smart 10  Dual SIM Titanium Silver  3+3GB RAM 64GB - Middle East Version,6.67 in,5000 mAh,7999.0,7349.0
,NOKIA 105 Dual SIM Black 4MB,1.77 in,800 mAh,1199.0,
HUAWEI,nova 15 Max Dual SIM Golden Black 8+8GB RAM 256GB + FOC + Exclusive 1 year Huawei Care+ With freebuds SE 2 - Middle East Version,6.84 in,8500 mAh,21999.0,20118.3
NOKIA,105 Dual SIM Black  4MB 4G,1.77 in,800 mAh,506.95,
Apple,iPhone 17 256GB (eSIM only) Sage 5G With FaceTime - International Version,6.3 in,3692 mAh,74100.0,
Honor,600 5G Dual SIM 8GB RAM 256GB Golden White - Middle East Version,6.57 in,7000 mAh,31999.0,29999.0
Apple,iPhone 17 Pro 256 GB (eSIM only) Cosmic Orange 5G With FaceTime - International Version,6.3 in,4252 mAh,91726.75,
sunelan,Mobile Sunelan S101 Dual sim Battery 1000 Black Green,,,469.0,
,Sunelan S7 Dual Sim Black Red 32 MB,1.8 in,,499.0,
Honor,X7e Plus Dual SIM 5G 8GB RAM 256GB Desert Gold With Free Choice Earbuds X7e (Color of gift may vary) - Middle East Version,6.87 in,7700 mAh,20999.0,18599.0
,"Hope K19 Heavy-Duty Quad SIM Phone – Massive 22000mAh Battery, LED Flashlight, and FM Radio",,,1999.0,1899.0
,Nokia mobile 106 Black  4G,1.8 in,800 mAh,522.0,
Samsung,Galaxy A17 Dual SIM Light Blue 4GB 128GB LTE - Middle East Version,6.7 in,5000 mAh,11699.0,
Infinix,"Note 60 5G Smartphone 8GB RAM 256GB Storage, Dual SIM Android Mobile Phone  – Rose Gold",6.78 in,6500 mAh,20009.85,
Honor,X7e Plus Dual SIM 5G 6GB RAM 128GB Velvet Black - Middle East Version,6.87 in,8100 mAh,15200.0,
Samsung,Galaxy A27 Dual SIM 5G Black 8GB RAM 256GB - Middle East Version,6.7 in,4400 mAh,21999.0,19799.0
Samsung,Galaxy S26 Ultra Dual SIM Black 12GB RAM 256GB 5G - International Version,6.9 in,5000 mAh,70378.2,
Xiaomi,Redmi Note 15 Pro Dual SIM Glacier Blue 12GB RAM 512 5G - Middle East Version,6.83 in,6580 mAh,25940.0,
Xiaomi,Redmi Note 15 4G Dual SIM Blue 8GB RAM 256GB - Global Version,6.77 in,6000 mAh,17400.0,
Motorola,G35 5G Dual SIM Guava Red 8GB RAM 256GB - Middle East Version,6.67 in,5000 mAh,13777.0,
Xiaomi,POCO X8 Pro Dual SIM Black 12GB RAM 512GB 5G - Global Version,6.59 in,6500 mAh,35912.0,
OPPO,Reno 16F AI Phone Dual SIM 5G Twilight Violet 8GB RAM 256GB - Middle East Version,6.57 in,7000 mAh,28294.0,
,"Oppo A6x Smartphone - 64GB Storage, 4GB RAM, Plum Purple Color, 4G, Local Warranty",6.75 in,6500 mAh,9370.0,
,Sary S101 Dual SIM (32GB / FM) - Black,,,650.0,555.0
Samsung,Galaxy A56 5G Dual SIM Awesome LightGray 12GB RAM 256GB - Middle East Version,6.7 in,5000 mAh,27165.0,
,Nokia 110 2023 - Charcoal-international version,1.8 in,1000 mAh,899.95,
HUAWEI,nova 15 Max Dual SIM Golden Black 256GB 8GB 4G - Middle East Version,6.84 in,8500 mAh,21777.0,20583.0
Samsung,Galaxy A37 Dual SIM Awesome Charcoal 12GB RAM 256GB 5G - Middle East Version,6.7 in,5000 mAh,27999.0,25000.0
NOKIA,150 Black Dual Sim Mobile Phone,2.4 in,1020 mAh,903.85,
Honor,X7d Dual SIM 4G Meteor Silver 8GB RAM 256GB - Middle East Version,6.77 in,6500 mAh,14850.0,
TECNO,Spark Go 2 Dual SIM Titanium Grey 3GB RAM 64GB 4G - Global Version,6.67 in,5000 mAh,7500.0,
OPPO,Reno14F Dual SIM Luminous Green 12GB  RAM 256GB - 5G Middle East Version,6.57 in,6000 mAh,28003.0,
Infinix,Hot 70 Dual Sim 4G Smartphone 16GB (8+8) RAM 256GB Dive Blue - Middle East Version,6.78 in,6000 mAh,14199.95,
,"Sunelan S7 Feature Phone, Dual SIM, 1.8-inch Display, 1000mAh Battery, 32+32MB Memory",,,499.0,
Honor,X8d Dual SIM 4G Velvet Black 8GB RAM 512GB - Middle East Version,6.77 in,7000 mAh,18316.0,
realme,16 Pro 5G Dual SIM 12GB RAM 256GB Pebble Grey - Middle East Version,6.78 in,7000 mAh,29500.0,
ZTE,Blade A36 Dual SIM Titanium Gold 2GB+4GB RAM 64GB 4G - Middle East Version,6.75 in,5000 mAh,5350.0,
,Soyes X24 Pro mini smartphone 3 inch Display 2GB RAM 16GB Storage Android 11 Dual SIM Compact Phone,,,4500.0,4000.0
TECNO,Spark Go 3 Dual SIM Aurora Purple 4GB Ram 64GB 4G -Middle east version,6.75 in,5000 mAh,7431.0,
Xiaomi,REDMI A7 Pro Mist Blue 4GB RAM 64GB ROM 4G - Global Version,6.9 in,6000 mAh,8360.0,
OPPO,Reno 12F 5G Dual SIM Olive Green 12GB RAM 512GB - International Version,6.67 in,5000 mAh,27000.0,
Xiaomi,Redmi A7 Pro Dual SIM Sunset Orange 4GB RAM 128GB 4G - Middle East Version,6.9 in,6000 mAh,8694.95,
Hope,K19 Quad SIM Black 32MB - Black,2.4 in,20000 mAh,1425.0,
vivo,V70 Dual SIM Matte Brown 12GB RAM 256GB 5G- Middle East Version,6.59 in,6500 mAh,39221.0,
Xiaomi,Redmi 15C Dual SIM Twilight Orange  6GB RAM 128GB 4G - Middle East Version,6.9 in,6000 mAh,12099.95,
,Nokia 150 Dual Sim Mobile Phone,2.4 in,1020 mAh,710.2,
,Soyes 17 Mini Smartphone - Pocket-Sized Android 15- Dual SIM - 2900mAh - Compact Backup Smart Phone (Random Color),,2900 mAh,6250.0,4950.0
Samsung,Galaxy A56 5G Dual SIM Awesome Light Gray 8GB RAM 256GB - Middle East Version,6.7 in,5000 mAh,26856.0,
sunelan,Mobile Sunelan S101 Dual sim Battery 1000 Black/Red,,,488.0,
Honor,X7e Plus Dual SIM 5G 6GB RAM 128GB Desert Gold With Free Choice Earbuds X7e (Color of gift may vary) - Middle East Version,6.87 in,7700 mAh,17499.0,15555.0
TECNO,Camon 40 Dual SIM Galaxy Black 8GB RAM 256GB 4G - Middle East Version,6.78 in,5200 mAh,13200.0,
Honor,X9d 5G Dual SIM 12GB RAM 256GB Forest Green with free Honor Choice Earbuds X7e,6.79 in,8300 mAh,24444.0,
,Nokia 108 TA-1627 Dual Sim Keypad Feature Mobile Phone,1.8 in,950 mAh,1199.95,
Infinix,Smart 20 X6840B Smartphone 64GB Storage 4GB RAM 4G LTE 6.78-inch HD+ Display 5200mAh Battery Dual Camera - Polaris titanium,6.78 in,5200 mAh,7578.75,
Xiaomi,Redmi A5 4G Dual SIM Sandy Gold 4GB RAM 64GB - Middle east Version,6.88 in,5200 mAh,8700.0,
,"Samsung Galaxy A17 5G (Black, 6GB RAM, 128GB Storage) | 50 MP No Shake Camera | Gemini Live | Circle to Search | Super AMOLED | Corning Gorilla Glass Victus | 7.5mm Sleek | AI",6.7 in,5000 mAh,14813.0,
Samsung,Galaxy A57 Dual SIM Awesome Lilac 12GB RAM 512GB 5G - Middle East Version,6.7 in,5000 mAh,39987.0,
Samsung,Galaxy A73 Dual Sim Awesome White 8GB RAM 256GB - International Version,6.7 in,5000 mAh,19499.0,
TECNO,Spark Go 2 Dual SIM Ink Black 3GB RAM 64GB 4G - Global Version,6.67 in,5000 mAh,7500.0,
Apple,iPhone 16 Plus 128GB Pink 5G With FaceTime - Middle East Version,6.7 in,4006 mAh,62846.0,
,"Vivo Y05 Dual SIM Smartphone, 64GB Storage, 4GB RAM, 4G LTE, Light Platinum - Official Warranty Version",6.56 in,5000 mAh,8322.15,
Apple,iPhone 16 Plus 256GB Teal 5G With FaceTime - International Version,6.7 in,4006 mAh,69999.0,65973.0
Honor,X7d Dual SIM 4G Desert Gold 8GB RAM 256GB - Middle East Version,6.77 in,6500 mAh,14850.0,
vivo,V60 Lite Dual SIM Elegant Black 8GB RAM 256GB 4G - Middle East Version,6.77 in,6500 mAh,20207.0,
vivo,V70 Dual SIM Dune Gray 12GB RAM 256GB 5G- Middle East Version,6.59 in,6500 mAh,39453.0,
